{"cameraMode":{"drawMode":0,"name":"Shaded","section":"Shading Mode"},"sceneLighting":true,"audioPlay":false,"sceneViewState":{"showFog":true,"showMaterialUpdate":true,"showSkybox":true,"showFlares":true,"showImageEffects":true,"showParticleSystems":true},"in2DMode":false,"pivot":{"x":53.16449737548828,"y":-57.635292053222659,"z":-71.11475372314453},"rotation":{"x":0.1840374916791916,"y":0.810104489326477,"z":-0.33584314584732058,"w":0.44392597675323489},"size":121.13137817382813,"orthographic":false}