{"cameraMode":{"drawMode":0,"name":"Shaded","section":"Shading Mode"},"sceneLighting":true,"audioPlay":false,"sceneViewState":{"showFog":true,"showMaterialUpdate":true,"showSkybox":true,"showFlares":true,"showImageEffects":true,"showParticleSystems":true},"in2DMode":false,"pivot":{"x":239.8972625732422,"y":-32.1217041015625,"z":32.2591552734375},"rotation":{"x":0.27579301595687868,"y":0.22931015491485597,"z":-0.06792985647916794,"w":0.9309890270233154},"size":439.70587158203127,"orthographic":false}